Workbook

Sheet ESTRUCTURA

Sheet HOGARES-BASELINE
A1: # | B1: start_p10 | C1: Nombres | D1: Municipio | E1: ETAPA | F1: identificador de etapa | G1: identificador de ciudad | H1: identificador de hogar | I1: house_id
A2: 1 | B2: 1000193972 | C2: =VLOOKUP(B2,[1]BD_FINAL!$A:$H,2,FALSE) -> Juan Pablo | D2: =VLOOKUP(B2,[1]BD_FINAL!$A:$H,3,FALSE) -> Medellin | E2: =VLOOKUP(B2,[1]BD_FINAL!$A:$H,8,FALSE) -> Control | F2: =IF(E2="CONTROL",0,1) -> 0 | G2: =IF(D2="Medellin",1,IF(D2="Cali",2,IF(D2="Baranquilla",3,0))) -> 1 | H2: 0001 | I2: =_xlfn.CONCAT(0,F2,0,G2,H2) -> 00010001
A3: 2 | B3: 1000292440 | C3: =VLOOKUP(B3,[1]BD_FINAL!$A:$H,2,FALSE) -> Yerson | D3: =VLOOKUP(B3,[1]BD_FINAL!$A:$H,3,FALSE) -> Medellin | E3: =VLOOKUP(B3,[1]BD_FINAL!$A:$H,8,FALSE) -> Control | F3: =IF(E3="CONTROL",0,1) -> 0 | G3: =IF(D3="Medellin",1,IF(D3="Cali",2,IF(D3="Baranquilla",3,0))) -> 1 | H3: 0002 | I3: =_xlfn.CONCAT(0,F3,0,G3,H3) -> 00010002
A4: 3 | B4: 1000438461 | C4: =VLOOKUP(B4,[1]BD_FINAL!$A:$H,2,FALSE) -> Juana santa | D4: =VLOOKUP(B4,[1]BD_FINAL!$A:$H,3,FALSE) -> Medellin | E4: =VLOOKUP(B4,[1]BD_FINAL!$A:$H,8,FALSE) -> Control | F4: =IF(E4="CONTROL",0,1) -> 0 | G4: =IF(D4="Medellin",1,IF(D4="Cali",2,IF(D4="Baranquilla",3,0))) -> 1 | H4: 0003 | I4: =_xlfn.CONCAT(0,F4,0,G4,H4) -> 00010003
A5: 4 | B5: 1000536137 | C5: =VLOOKUP(B5,[1]BD_FINAL!$A:$H,2,FALSE) -> Jenifer Andrea | D5: =VLOOKUP(B5,[1]BD_FINAL!$A:$H,3,FALSE) -> Medellin | E5: =VLOOKUP(B5,[1]BD_FINAL!$A:$H,8,FALSE) -> Tratamiento | F5: =IF(E5="CONTROL",0,1) -> 1 | G5: =IF(D5="Medellin",1,IF(D5="Cali",2,IF(D5="Baranquilla",3,0))) -> 1 | H5: 0004 | I5: =_xlfn.CONCAT(0,F5,0,G5,H5) -> 01010004
A6: 5 | B6: 1000538215 | C6: =VLOOKUP(B6,[1]BD_FINAL!$A:$H,2,FALSE) -> Shirley Tatiana | D6: =VLOOKUP(B6,[1]BD_FINAL!$A:$H,3,FALSE) -> Medellin | E6: =VLOOKUP(B6,[1]BD_FINAL!$A:$H,8,FALSE) -> Tratamiento | F6: =IF(E6="CONTROL",0,1) -> 1 | G6: =IF(D6="Medellin",1,IF(D6="Cali",2,IF(D6="Baranquilla",3,0))) -> 1 | H6: 0005 | I6: =_xlfn.CONCAT(0,F6,0,G6,H6) -> 01010005
A7: 6 | B7: 1000638664 | C7: =VLOOKUP(B7,[1]BD_FINAL!$A:$H,2,FALSE) -> Isabel Cristina | D7: =VLOOKUP(B7,[1]BD_FINAL!$A:$H,3,FALSE) -> Medellin | E7: =VLOOKUP(B7,[1]BD_FINAL!$A:$H,8,FALSE) -> Tratamiento | F7: =IF(E7="CONTROL",0,1) -> 1 | G7: =IF(D7="Medellin",1,IF(D7="Cali",2,IF(D7="Baranquilla",3,0))) -> 1 | H7: 0006 | I7: =_xlfn.CONCAT(0,F7,0,G7,H7) -> 01010006
A8: 7 | B8: 1000643548 | C8: =VLOOKUP(B8,[1]BD_FINAL!$A:$H,2,FALSE) -> Tatiana Inés | D8: =VLOOKUP(B8,[1]BD_FINAL!$A:$H,3,FALSE) -> Medellin | E8: =VLOOKUP(B8,[1]BD_FINAL!$A:$H,8,FALSE) -> Tratamiento | F8: =IF(E8="CONTROL",0,1) -> 1 | G8: =IF(D8="Medellin",1,IF(D8="Cali",2,IF(D8="Baranquilla",3,0))) -> 1 | H8: 0007 | I8: =_xlfn.CONCAT(0,F8,0,G8,H8) -> 01010007
A9: 8 | B9: 1000871711 | C9: =VLOOKUP(B9,[1]BD_FINAL!$A:$H,2,FALSE) -> Luz Eneida | D9: =VLOOKUP(B9,[1]BD_FINAL!$A:$H,3,FALSE) -> Medellin | E9: =VLOOKUP(B9,[1]BD_FINAL!$A:$H,8,FALSE) -> Tratamiento | F9: =IF(E9="CONTROL",0,1) -> 1 | G9: =IF(D9="Medellin",1,IF(D9="Cali",2,IF(D9="Baranquilla",3,0))) -> 1 | H9: 0008 | I9: =_xlfn.CONCAT(0,F9,0,G9,H9) -> 01010008
A10: 9 | B10: 1001033236 | C10: =VLOOKUP(B10,[1]BD_FINAL!$A:$H,2,FALSE) -> Cintia Carolina | D10: =VLOOKUP(B10,[1]BD_FINAL!$A:$H,3,FALSE) -> Medellin | E10: =VLOOKUP(B10,[1]BD_FINAL!$A:$H,8,FALSE) -> Control | F10: =IF(E10="CONTROL",0,1) -> 0 | G10: =IF(D10="Medellin",1,IF(D10="Cali",2,IF(D10="Baranquilla",3,0))) -> 1 | H10: 0009 | I10: =_xlfn.CONCAT(0,F10,0,G10,H10) -> 00010009
A11: 10 | B11: 1001139233 | C11: =VLOOKUP(B11,[1]BD_FINAL!$A:$H,2,FALSE) -> David Alexander | D11: =VLOOKUP(B11,[1]BD_FINAL!$A:$H,3,FALSE) -> Medellin | E11: =VLOOKUP(B11,[1]BD_FINAL!$A:$H,8,FALSE) -> Control | F11: =IF(E11="CONTROL",0,1) -> 0 | G11: =IF(D11="Medellin",1,IF(D11="Cali",2,IF(D11="Baranquilla",3,0))) -> 1 | H11: 0010 | I11: =_xlfn.CONCAT(0,F11,0,G11,H11) -> 00010010
A12: 11 | B12: 1001235015 | C12: =VLOOKUP(B12,[1]BD_FINAL!$A:$H,2,FALSE) -> Santiago | D12: =VLOOKUP(B12,[1]BD_FINAL!$A:$H,3,FALSE) -> Medellin | E12: =VLOOKUP(B12,[1]BD_FINAL!$A:$H,8,FALSE) -> Control | F12: =IF(E12="CONTROL",0,1) -> 0 | G12: =IF(D12="Medellin",1,IF(D12="Cali",2,IF(D12="Baranquilla",3,0))) -> 1 | H12: 0011 | I12: =_xlfn.CONCAT(0,F12,0,G12,H12) -> 00010011
A13: 12 | B13: 1001359510 | C13: =VLOOKUP(B13,[1]BD_FINAL!$A:$H,2,FALSE) -> Margarita Isabel | D13: =VLOOKUP(B13,[1]BD_FINAL!$A:$H,3,FALSE) -> Medellin | E13: =VLOOKUP(B13,[1]BD_FINAL!$A:$H,8,FALSE) -> Tratamiento | F13: =IF(E13="CONTROL",0,1) -> 1 | G13: =IF(D13="Medellin",1,IF(D13="Cali",2,IF(D13="Baranquilla",3,0))) -> 1 | H13: 0012 | I13: =_xlfn.CONCAT(0,F13,0,G13,H13) -> 01010012
... A1164: 1163 | B1164: 98657538 | C1164: =VLOOKUP(B1164,[1]BD_FINAL!$A:$H,2,FALSE) -> Jaime Alberto | D1164: =VLOOKUP(B1164,[1]BD_FINAL!$A:$H,3,FALSE) -> Medellin | E1164: =VLOOKUP(B1164,[1]BD_FINAL!$A:$H,8,FALSE) -> Control | F1164: =IF(E1164="CONTROL",0,1) -> 0 | G1164: =IF(D1164="Medellin",1,IF(D1164="Cali",2,IF(D1164="Baranquilla",3,0))) -> 1 | H1164: 1163 | I1164: =_xlfn.CONCAT(0,F1164,0,G1164,H1164) -> 00011163

Sheet INDIVIDUOS-BASELINE
A1: mem_id | B1: cod | C1: Numero de persona | D1: codigo de persona | E1: house_id | F1: mem_id
A2: 1000193972-1 | B2: 1000193972 | C2: 1 | D2: =_xlfn.CONCAT(0,C2) -> 01 | E2: =VLOOKUP(B2,'HOGARES-BASELINE'!$B:$I,8,FALSE) -> 00010001 | F2: =_xlfn.CONCAT(E2,D2) -> 0001000101
A3: 1000292440-2 | B3: 1000292440 | C3: 2 | D3: =_xlfn.CONCAT(0,C3) -> 02 | E3: =VLOOKUP(B3,'HOGARES-BASELINE'!$B:$I,8,FALSE) -> 00010002 | F3: =_xlfn.CONCAT(E3,D3) -> 0001000202
A4: 1000292440-3 | B4: 1000292440 | C4: 3 | D4: =_xlfn.CONCAT(0,C4) -> 03 | E4: =VLOOKUP(B4,'HOGARES-BASELINE'!$B:$I,8,FALSE) -> 00010002 | F4: =_xlfn.CONCAT(E4,D4) -> 0001000203
A5: 1000292440-1 | B5: 1000292440 | C5: 1 | D5: =_xlfn.CONCAT(0,C5) -> 01 | E5: =VLOOKUP(B5,'HOGARES-BASELINE'!$B:$I,8,FALSE) -> 00010002 | F5: =_xlfn.CONCAT(E5,D5) -> 0001000201
A6: 1000438461-3 | B6: 1000438461 | C6: 3 | D6: =_xlfn.CONCAT(0,C6) -> 03 | E6: =VLOOKUP(B6,'HOGARES-BASELINE'!$B:$I,8,FALSE) -> 00010003 | F6: =_xlfn.CONCAT(E6,D6) -> 0001000303
A7: 1000438461-5 | B7: 1000438461 | C7: 5 | D7: =_xlfn.CONCAT(0,C7) -> 05 | E7: =VLOOKUP(B7,'HOGARES-BASELINE'!$B:$I,8,FALSE) -> 00010003 | F7: =_xlfn.CONCAT(E7,D7) -> 0001000305
A8: 1000438461-1 | B8: 1000438461 | C8: 1 | D8: =_xlfn.CONCAT(0,C8) -> 01 | E8: =VLOOKUP(B8,'HOGARES-BASELINE'!$B:$I,8,FALSE) -> 00010003 | F8: =_xlfn.CONCAT(E8,D8) -> 0001000301
A9: 1000438461-4 | B9: 1000438461 | C9: 4 | D9: =_xlfn.CONCAT(0,C9) -> 04 | E9: =VLOOKUP(B9,'HOGARES-BASELINE'!$B:$I,8,FALSE) -> 00010003 | F9: =_xlfn.CONCAT(E9,D9) -> 0001000304
A10: 1000438461-2 | B10: 1000438461 | C10: 2 | D10: =_xlfn.CONCAT(0,C10) -> 02 | E10: =VLOOKUP(B10,'HOGARES-BASELINE'!$B:$I,8,FALSE) -> 00010003 | F10: =_xlfn.CONCAT(E10,D10) -> 0001000302
A11: 1000536137-4 | B11: 1000536137 | C11: 4 | D11: =_xlfn.CONCAT(0,C11) -> 04 | E11: =VLOOKUP(B11,'HOGARES-BASELINE'!$B:$I,8,FALSE) -> 01010004 | F11: =_xlfn.CONCAT(E11,D11) -> 0101000404
A12: 1000536137-10 | B12: 1000536137 | C12: 10 | D12: =C12 -> 10 | E12: =VLOOKUP(B12,'HOGARES-BASELINE'!$B:$I,8,FALSE) -> 01010004 | F12: =_xlfn.CONCAT(E12,D12) -> 0101000410
A13: 1000536137-12 | B13: 1000536137 | C13: 12 | D13: =C13 -> 12 | E13: =VLOOKUP(B13,'HOGARES-BASELINE'!$B:$I,8,FALSE) -> 01010004 | F13: =_xlfn.CONCAT(E13,D13) -> 0101000412
A14: 1000536137-13 | B14: 1000536137 | C14: 13 | D14: =C14 -> 13 | E14: =VLOOKUP(B14,'HOGARES-BASELINE'!$B:$I,8,FALSE) -> 01010004 | F14: =_xlfn.CONCAT(E14,D14) -> 0101000413
A15: 1000536137-5 | B15: 1000536137 | C15: 5 | D15: =_xlfn.CONCAT(0,C15) -> 05 | E15: =VLOOKUP(B15,'HOGARES-BASELINE'!$B:$I,8,FALSE) -> 01010004 | F15: =_xlfn.CONCAT(E15,D15) -> 0101000405
A16: 1000536137-8 | B16: 1000536137 | C16: 8 | D16: =_xlfn.CONCAT(0,C16) -> 08 | E16: =VLOOKUP(B16,'HOGARES-BASELINE'!$B:$I,8,FALSE) -> 01010004 | F16: =_xlfn.CONCAT(E16,D16) -> 0101000408
A17: 1000536137-7 | B17: 1000536137 | C17: 7 | D17: =_xlfn.CONCAT(0,C17) -> 07 | E17: =VLOOKUP(B17,'HOGARES-BASELINE'!$B:$I,8,FALSE) -> 01010004 | F17: =_xlfn.CONCAT(E17,D17) -> 0101000407
A18: 1000536137-1 | B18: 1000536137 | C18: 1 | D18: =_xlfn.CONCAT(0,C18) -> 01 | E18: =VLOOKUP(B18,'HOGARES-BASELINE'!$B:$I,8,FALSE) -> 01010004 | F18: =_xlfn.CONCAT(E18,D18) -> 0101000401
A19: 1000536137-2 | B19: 1000536137 | C19: 2 | D19: =_xlfn.CONCAT(0,C19) -> 02 | E19: =VLOOKUP(B19,'HOGARES-BASELINE'!$B:$I,8,FALSE) -> 01010004 | F19: =_xlfn.CONCAT(E19,D19) -> 0101000402
A20: 1000536137-3 | B20: 1000536137 | C20: 3 | D20: =_xlfn.CONCAT(0,C20) -> 03 | E20: =VLOOKUP(B20,'HOGARES-BASELINE'!$B:$I,8,FALSE) -> 01010004 | F20: =_xlfn.CONCAT(E20,D20) -> 0101000403
A21: 1000536137-6 | B21: 1000536137 | C21: 6 | D21: =_xlfn.CONCAT(0,C21) -> 06 | E21: =VLOOKUP(B21,'HOGARES-BASELINE'!$B:$I,8,FALSE) -> 01010004 | F21: =_xlfn.CONCAT(E21,D21) -> 0101000406
A22: 1000536137-11 | B22: 1000536137 | C22: 11 | D22: =C22 -> 11 | E22: =VLOOKUP(B22,'HOGARES-BASELINE'!$B:$I,8,FALSE) -> 01010004 | F22: =_xlfn.CONCAT(E22,D22) -> 0101000411
A23: 1000536137-9 | B23: 1000536137 | C23: 9 | D23: =_xlfn.CONCAT(0,C23) -> 09 | E23: =VLOOKUP(B23,'HOGARES-BASELINE'!$B:$I,8,FALSE) -> 01010004 | F23: =_xlfn.CONCAT(E23,D23) -> 0101000409
A24: 1000538215-3 | B24: 1000538215 | C24: 3 | D24: =_xlfn.CONCAT(0,C24) -> 03 | E24: =VLOOKUP(B24,'HOGARES-BASELINE'!$B:$I,8,FALSE) -> 01010005 | F24: =_xlfn.CONCAT(E24,D24) -> 0101000503
A25: 1000538215-2 | B25: 1000538215 | C25: 2 | D25: =_xlfn.CONCAT(0,C25) -> 02 | E25: =VLOOKUP(B25,'HOGARES-BASELINE'!$B:$I,8,FALSE) -> 01010005 | F25: =_xlfn.CONCAT(E25,D25) -> 0101000502
A26: 1000538215-4 | B26: 1000538215 | C26: 4 | D26: =_xlfn.CONCAT(0,C26) -> 04 | E26: =VLOOKUP(B26,'HOGARES-BASELINE'!$B:$I,8,FALSE) -> 01010005 | F26: =_xlfn.CONCAT(E26,D26) -> 0101000504
A27: 1000538215-1 | B27: 1000538215 | C27: 1 | D27: =_xlfn.CONCAT(0,C27) -> 01 | E27: =VLOOKUP(B27,'HOGARES-BASELINE'!$B:$I,8,FALSE) -> 01010005 | F27: =_xlfn.CONCAT(E27,D27) -> 0101000501
A28: 1000638664-1 | B28: 1000638664 | C28: 1 | D28: =_xlfn.CONCAT(0,C28) -> 01 | E28: =VLOOKUP(B28,'HOGARES-BASELINE'!$B:$I,8,FALSE) -> 01010006 | F28: =_xlfn.CONCAT(E28,D28) -> 0101000601
A29: 1000638664-2 | B29: 1000638664 | C29: 2 | D29: =_xlfn.CONCAT(0,C29) -> 02 | E29: =VLOOKUP(B29,'HOGARES-BASELINE'!$B:$I,8,FALSE) -> 01010006 | F29: =_xlfn.CONCAT(E29,D29) -> 0101000602
A30: 1000638664-3 | B30: 1000638664 | C30: 3 | D30: =_xlfn.CONCAT(0,C30) -> 03 | E30: =VLOOKUP(B30,'HOGARES-BASELINE'!$B:$I,8,FALSE) -> 01010006 | F30: =_xlfn.CONCAT(E30,D30) -> 0101000603
A31: 1000643548-2 | B31: 1000643548 | C31: 2 | D31: =_xlfn.CONCAT(0,C31) -> 02 | E31: =VLOOKUP(B31,'HOGARES-BASELINE'!$B:$I,8,FALSE) -> 01010007 | F31: =_xlfn.CONCAT(E31,D31) -> 0101000702
A32: 1000643548-1 | B32: 1000643548 | C32: 1 | D32: =_xlfn.CONCAT(0,C32) -> 01 | E32: =VLOOKUP(B32,'HOGARES-BASELINE'!$B:$I,8,FALSE) -> 01010007 | F32: =_xlfn.CONCAT(E32,D32) -> 0101000701
A33: 1000871711-2 | B33: 1000871711 | C33: 2 | D33: =_xlfn.CONCAT(0,C33) -> 02 | E33: =VLOOKUP(B33,'HOGARES-BASELINE'!$B:$I,8,FALSE) -> 01010008 | F33: =_xlfn.CONCAT(E33,D33) -> 0101000802
A34: 1000871711-1 | B34: 1000871711 | C34: 1 | D34: =_xlfn.CONCAT(0,C34) -> 01 | E34: =VLOOKUP(B34,'HOGARES-BASELINE'!$B:$I,8,FALSE) -> 01010008 | F34: =_xlfn.CONCAT(E34,D34) -> 0101000801
... A176: 1017247299-8 | B176: 1017247299 | C176: 8 | D176: =_xlfn.CONCAT(0,C176) -> 08 | E176: =VLOOKUP(B176,'HOGARES-BASELINE'!$B:$I,8,FALSE) -> 01010047 | F176: =_xlfn.CONCAT(E176,D176) -> 0101004708
A177: 1017247299-10 | B177: 1017247299 | C177: 10 | D177: =C177 -> 10 | E177: =VLOOKUP(B177,'HOGARES-BASELINE'!$B:$I,8,FALSE) -> 01010047 | F177: =_xlfn.CONCAT(E177,D177) -> 0101004710
A178: 1017247299-3 | B178: 1017247299 | C178: 3 | D178: =_xlfn.CONCAT(0,C178) -> 03 | E178: =VLOOKUP(B178,'HOGARES-BASELINE'!$B:$I,8,FALSE) -> 01010047 | F178: =_xlfn.CONCAT(E178,D178) -> 0101004703
A179: 1017247299-4 | B179: 1017247299 | C179: 4 | D179: =_xlfn.CONCAT(0,C179) -> 04 | E179: =VLOOKUP(B179,'HOGARES-BASELINE'!$B:$I,8,FALSE) -> 01010047 | F179: =_xlfn.CONCAT(E179,D179) -> 0101004704
A180: 1017247299-7 | B180: 1017247299 | C180: 7 | D180: =_xlfn.CONCAT(0,C180) -> 07 | E180: =VLOOKUP(B180,'HOGARES-BASELINE'!$B:$I,8,FALSE) -> 01010047 | F180: =_xlfn.CONCAT(E180,D180) -> 0101004707
A181: 1017248051-4 | B181: 1017248051 | C181: 4 | D181: =_xlfn.CONCAT(0,C181) -> 04 | E181: =VLOOKUP(B181,'HOGARES-BASELINE'!$B:$I,8,FALSE) -> 01010048 | F181: =_xlfn.CONCAT(E181,D181) -> 0101004804
A182: 1017248051-5 | B182: 1017248051 | C182: 5 | D182: =_xlfn.CONCAT(0,C182) -> 05 | E182: =VLOOKUP(B182,'HOGARES-BASELINE'!$B:$I,8,FALSE) -> 01010048 | F182: =_xlfn.CONCAT(E182,D182) -> 0101004805
A183: 1017248051-1 | B183: 1017248051 | C183: 1 | D183: =_xlfn.CONCAT(0,C183) -> 01 | E183: =VLOOKUP(B183,'HOGARES-BASELINE'!$B:$I,8,FALSE) -> 01010048 | F183: =_xlfn.CONCAT(E183,D183) -> 0101004801
A184: 1017248051-2 | B184: 1017248051 | C184: 2 | D184: =_xlfn.CONCAT(0,C184) -> 02 | E184: =VLOOKUP(B184,'HOGARES-BASELINE'!$B:$I,8,FALSE) -> 01010048 | F184: =_xlfn.CONCAT(E184,D184) -> 0101004802
A185: 1017248051-3 | B185: 1017248051 | C185: 3 | D185: =_xlfn.CONCAT(0,C185) -> 03 | E185: =VLOOKUP(B185,'HOGARES-BASELINE'!$B:$I,8,FALSE) -> 01010048 | F185: =_xlfn.CONCAT(E185,D185) -> 0101004803
A186: 1017266133-5 | B186: 1017266133 | C186: 5 | D186: =_xlfn.CONCAT(0,C186) -> 05 | E186: =VLOOKUP(B186,'HOGARES-BASELINE'!$B:$I,8,FALSE) -> 01010049 | F186: =_xlfn.CONCAT(E186,D186) -> 0101004905
A187: 1017266133-7 | B187: 1017266133 | C187: 7 | D187: =_xlfn.CONCAT(0,C187) -> 07 | E187: =VLOOKUP(B187,'HOGARES-BASELINE'!$B:$I,8,FALSE) -> 01010049 | F187: =_xlfn.CONCAT(E187,D187) -> 0101004907
A188: 1017266133-6 | B188: 1017266133 | C188: 6 | D188: =_xlfn.CONCAT(0,C188) -> 06 | E188: =VLOOKUP(B188,'HOGARES-BASELINE'!$B:$I,8,FALSE) -> 01010049 | F188: =_xlfn.CONCAT(E188,D188) -> 0101004906
A189: 1017266133-3 | B189: 1017266133 | C189: 3 | D189: =_xlfn.CONCAT(0,C189) -> 03 | E189: =VLOOKUP(B189,'HOGARES-BASELINE'!$B:$I,8,FALSE) -> 01010049 | F189: =_xlfn.CONCAT(E189,D189) -> 0101004903
... A728: 1143831016-1 | B728: 1143831016 | C728: 1 | D728: =_xlfn.CONCAT(0,C728) -> 01 | E728: =VLOOKUP(B728,'HOGARES-BASELINE'!$B:$I,8,FALSE) -> 01020195 | F728: =_xlfn.CONCAT(E728,D728) -> 0102019501
A729: 1143831016-10 | B729: 1143831016 | C729: 10 | D729: =C729 -> 10 | E729: =VLOOKUP(B729,'HOGARES-BASELINE'!$B:$I,8,FALSE) -> 01020195 | F729: =_xlfn.CONCAT(E729,D729) -> 0102019510
A730: 1143831016-2 | B730: 1143831016 | C730: 2 | D730: =_xlfn.CONCAT(0,C730) -> 02 | E730: =VLOOKUP(B730,'HOGARES-BASELINE'!$B:$I,8,FALSE) -> 01020195 | F730: =_xlfn.CONCAT(E730,D730) -> 0102019502
A731: 1143831016-4 | B731: 1143831016 | C731: 4 | D731: =_xlfn.CONCAT(0,C731) -> 04 | E731: =VLOOKUP(B731,'HOGARES-BASELINE'!$B:$I,8,FALSE) -> 01020195 | F731: =_xlfn.CONCAT(E731,D731) -> 0102019504
A732: 1143831016-5 | B732: 1143831016 | C732: 5 | D732: =_xlfn.CONCAT(0,C732) -> 05 | E732: =VLOOKUP(B732,'HOGARES-BASELINE'!$B:$I,8,FALSE) -> 01020195 | F732: =_xlfn.CONCAT(E732,D732) -> 0102019505
A733: 1143831802-1 | B733: 1143831802 | C733: 1 | D733: =_xlfn.CONCAT(0,C733) -> 01 | E733: =VLOOKUP(B733,'HOGARES-BASELINE'!$B:$I,8,FALSE) -> 00020196 | F733: =_xlfn.CONCAT(E733,D733) -> 0002019601
A734: 1143831802-2 | B734: 1143831802 | C734: 2 | D734: =_xlfn.CONCAT(0,C734) -> 02 | E734: =VLOOKUP(B734,'HOGARES-BASELINE'!$B:$I,8,FALSE) -> 00020196 | F734: =_xlfn.CONCAT(E734,D734) -> 0002019602
A735: 1143831857-2 | B735: 1143831857 | C735: 2 | D735: =_xlfn.CONCAT(0,C735) -> 02 | E735: =VLOOKUP(B735,'HOGARES-BASELINE'!$B:$I,8,FALSE) -> 00020197 | F735: =_xlfn.CONCAT(E735,D735) -> 0002019702
A736: 1143831857-3 | B736: 1143831857 | C736: 3 | D736: =_xlfn.CONCAT(0,C736) -> 03 | E736: =VLOOKUP(B736,'HOGARES-BASELINE'!$B:$I,8,FALSE) -> 00020197 | F736: =_xlfn.CONCAT(E736,D736) -> 0002019703
A737: 1143831857-4 | B737: 1143831857 | C737: 4 | D737: =_xlfn.CONCAT(0,C737) -> 04 | E737: =VLOOKUP(B737,'HOGARES-BASELINE'!$B:$I,8,FALSE) -> 00020197 | F737: =_xlfn.CONCAT(E737,D737) -> 0002019704
A738: 1143831857-1 | B738: 1143831857 | C738: 1 | D738: =_xlfn.CONCAT(0,C738) -> 01 | E738: =VLOOKUP(B738,'HOGARES-BASELINE'!$B:$I,8,FALSE) -> 00020197 | F738: =_xlfn.CONCAT(E738,D738) -> 0002019701
A739: 1143833310-4 | B739: 1143833310 | C739: 4 | D739: =_xlfn.CONCAT(0,C739) -> 04 | E739: =VLOOKUP(B739,'HOGARES-BASELINE'!$B:$I,8,FALSE) -> 00020198 | F739: =_xlfn.CONCAT(E739,D739) -> 0002019804
A740: 1143833310-3 | B740: 1143833310 | C740: 3 | D740: =_xlfn.CONCAT(0,C740) -> 03 | E740: =VLOOKUP(B740,'HOGARES-BASELINE'!$B:$I,8,FALSE) -> 00020198 | F740: =_xlfn.CONCAT(E740,D740) -> 0002019803
A741: 1143833310-2 | B741: 1143833310 | C741: 2 | D741: =_xlfn.CONCAT(0,C741) -> 02 | E741: =VLOOKUP(B741,'HOGARES-BASELINE'!$B:$I,8,FALSE) -> 00020198 | F741: =_xlfn.CONCAT(E741,D741) -> 0002019802
... A874: 1146434251-6 | B874: 1146434251 | C874: 6 | D874: =_xlfn.CONCAT(0,C874) -> 06 | E874: =VLOOKUP(B874,'HOGARES-BASELINE'!$B:$I,8,FALSE) -> 01010237 | F874: =_xlfn.CONCAT(E874,D874) -> 0101023706
A875: 1146434251-11 | B875: 1146434251 | C875: 11 | D875: =C875 -> 11 | E875: =VLOOKUP(B875,'HOGARES-BASELINE'!$B:$I,8,FALSE) -> 01010237 | F875: =_xlfn.CONCAT(E875,D875) -> 0101023711
A876: 1146434251-5 | B876: 1146434251 | C876: 5 | D876: =_xlfn.CONCAT(0,C876) -> 05 | E876: =VLOOKUP(B876,'HOGARES-BASELINE'!$B:$I,8,FALSE) -> 01010237 | F876: =_xlfn.CONCAT(E876,D876) -> 0101023705
A877: 1146434251-2 | B877: 1146434251 | C877: 2 | D877: =_xlfn.CONCAT(0,C877) -> 02 | E877: =VLOOKUP(B877,'HOGARES-BASELINE'!$B:$I,8,FALSE) -> 01010237 | F877: =_xlfn.CONCAT(E877,D877) -> 0101023702
A878: 1146434251-7 | B878: 1146434251 | C878: 7 | D878: =_xlfn.CONCAT(0,C878) -> 07 | E878: =VLOOKUP(B878,'HOGARES-BASELINE'!$B:$I,8,FALSE) -> 01010237 | F878: =_xlfn.CONCAT(E878,D878) -> 0101023707
A879: 1146434251-10 | B879: 1146434251 | C879: 10 | D879: =C879 -> 10 | E879: =VLOOKUP(B879,'HOGARES-BASELINE'!$B:$I,8,FALSE) -> 01010237 | F879: =_xlfn.CONCAT(E879,D879) -> 0101023710
A880: 1146434251-1 | B880: 1146434251 | C880: 1 | D880: =_xlfn.CONCAT(0,C880) -> 01 | E880: =VLOOKUP(B880,'HOGARES-BASELINE'!$B:$I,8,FALSE) -> 01010237 | F880: =_xlfn.CONCAT(E880,D880) -> 0101023701
A881: 1146434251-9 | B881: 1146434251 | C881: 9 | D881: =_xlfn.CONCAT(0,C881) -> 09 | E881: =VLOOKUP(B881,'HOGARES-BASELINE'!$B:$I,8,FALSE) -> 01010237 | F881: =_xlfn.CONCAT(E881,D881) -> 0101023709
A882: 1146434251-4 | B882: 1146434251 | C882: 4 | D882: =_xlfn.CONCAT(0,C882) -> 04 | E882: =VLOOKUP(B882,'HOGARES-BASELINE'!$B:$I,8,FALSE) -> 01010237 | F882: =_xlfn.CONCAT(E882,D882) -> 0101023704
A883: 1146434251-8 | B883: 1146434251 | C883: 8 | D883: =_xlfn.CONCAT(0,C883) -> 08 | E883: =VLOOKUP(B883,'HOGARES-BASELINE'!$B:$I,8,FALSE) -> 01010237 | F883: =_xlfn.CONCAT(E883,D883) -> 0101023708
A884: 1147950412-2 | B884: 1147950412 | C884: 2 | D884: =_xlfn.CONCAT(0,C884) -> 02 | E884: =VLOOKUP(B884,'HOGARES-BASELINE'!$B:$I,8,FALSE) -> 01010238 | F884: =_xlfn.CONCAT(E884,D884) -> 0101023802
A885: 1147950412-3 | B885: 1147950412 | C885: 3 | D885: =_xlfn.CONCAT(0,C885) -> 03 | E885: =VLOOKUP(B885,'HOGARES-BASELINE'!$B:$I,8,FALSE) -> 01010238 | F885: =_xlfn.CONCAT(E885,D885) -> 0101023803
A886: 1147950412-4 | B886: 1147950412 | C886: 4 | D886: =_xlfn.CONCAT(0,C886) -> 04 | E886: =VLOOKUP(B886,'HOGARES-BASELINE'!$B:$I,8,FALSE) -> 01010238 | F886: =_xlfn.CONCAT(E886,D886) -> 0101023804
A887: 1147950412-1 | B887: 1147950412 | C887: 1 | D887: =_xlfn.CONCAT(0,C887) -> 01 | E887: =VLOOKUP(B887,'HOGARES-BASELINE'!$B:$I,8,FALSE) -> 01010238 | F887: =_xlfn.CONCAT(E887,D887) -> 0101023801
A888: 1147957415-2 | B888: 1147957415 | C888: 2 | D888: =_xlfn.CONCAT(0,C888) -> 02 | E888: =VLOOKUP(B888,'HOGARES-BASELINE'!$B:$I,8,FALSE) -> 01010239 | F888: =_xlfn.CONCAT(E888,D888) -> 0101023902
A889: 1147957415-1 | B889: 1147957415 | C889: 1 | D889: =_xlfn.CONCAT(0,C889) -> 01 | E889: =VLOOKUP(B889,'HOGARES-BASELINE'!$B:$I,8,FALSE) -> 01010239 | F889: =_xlfn.CONCAT(E889,D889) -> 0101023901
A890: 1149440235-3 | B890: 1149440235 | C890: 3 | D890: =_xlfn.CONCAT(0,C890) -> 03 | E890: =VLOOKUP(B890,'HOGARES-BASELINE'!$B:$I,8,FALSE) -> 01030240 | F890: =_xlfn.CONCAT(E890,D890) -> 0103024003
A891: 1149440235-2 | B891: 1149440235 | C891: 2 | D891: =_xlfn.CONCAT(0,C891) -> 02 | E891: =VLOOKUP(B891,'HOGARES-BASELINE'!$B:$I,8,FALSE) -> 01030240 | F891: =_xlfn.CONCAT(E891,D891) -> 0103024002
... A1377: 22421549-2 | B1377: 22421549 | C1377: 2 | D1377: =_xlfn.CONCAT(0,C1377) -> 02 | E1377: =VLOOKUP(B1377,'HOGARES-BASELINE'!$B:$I,8,FALSE) -> 00030393 | F1377: =_xlfn.CONCAT(E1377,D1377) -> 0003039302
A1378: 22421549-10 | B1378: 22421549 | C1378: 10 | D1378: =C1378 -> 10 | E1378: =VLOOKUP(B1378,'HOGARES-BASELINE'!$B:$I,8,FALSE) -> 00030393 | F1378: =_xlfn.CONCAT(E1378,D1378) -> 0003039310
A1379: 22421549-9 | B1379: 22421549 | C1379: 9 | D1379: =_xlfn.CONCAT(0,C1379) -> 09 | E1379: =VLOOKUP(B1379,'HOGARES-BASELINE'!$B:$I,8,FALSE) -> 00030393 | F1379: =_xlfn.CONCAT(E1379,D1379) -> 0003039309
A1380: 22421549-7 | B1380: 22421549 | C1380: 7 | D1380: =_xlfn.CONCAT(0,C1380) -> 07 | E1380: =VLOOKUP(B1380,'HOGARES-BASELINE'!$B:$I,8,FALSE) -> 00030393 | F1380: =_xlfn.CONCAT(E1380,D1380) -> 0003039307
A1381: 22421549-6 | B1381: 22421549 | C1381: 6 | D1381: =_xlfn.CONCAT(0,C1381) -> 06 | E1381: =VLOOKUP(B1381,'HOGARES-BASELINE'!$B:$I,8,FALSE) -> 00030393 | F1381: =_xlfn.CONCAT(E1381,D1381) -> 0003039306
A1382: 22421549-8 | B1382: 22421549 | C1382: 8 | D1382: =_xlfn.CONCAT(0,C1382) -> 08 | E1382: =VLOOKUP(B1382,'HOGARES-BASELINE'!$B:$I,8,FALSE) -> 00030393 | F1382: =_xlfn.CONCAT(E1382,D1382) -> 0003039308
A1383: 22421549-4 | B1383: 22421549 | C1383: 4 | D1383: =_xlfn.CONCAT(0,C1383) -> 04 | E1383: =VLOOKUP(B1383,'HOGARES-BASELINE'!$B:$I,8,FALSE) -> 00030393 | F1383: =_xlfn.CONCAT(E1383,D1383) -> 0003039304
A1384: 22436611-2 | B1384: 22436611 | C1384: 2 | D1384: =_xlfn.CONCAT(0,C1384) -> 02 | E1384: =VLOOKUP(B1384,'HOGARES-BASELINE'!$B:$I,8,FALSE) -> 00030394 | F1384: =_xlfn.CONCAT(E1384,D1384) -> 0003039402
A1385: 22436611-1 | B1385: 22436611 | C1385: 1 | D1385: =_xlfn.CONCAT(0,C1385) -> 01 | E1385: =VLOOKUP(B1385,'HOGARES-BASELINE'!$B:$I,8,FALSE) -> 00030394 | F1385: =_xlfn.CONCAT(E1385,D1385) -> 0003039401
A1386: 22440120-2 | B1386: 22440120 | C1386: 2 | D1386: =_xlfn.CONCAT(0,C1386) -> 02 | E1386: =VLOOKUP(B1386,'HOGARES-BASELINE'!$B:$I,8,FALSE) -> 01030395 | F1386: =_xlfn.CONCAT(E1386,D1386) -> 0103039502
A1387: 22440120-5 | B1387: 22440120 | C1387: 5 | D1387: =_xlfn.CONCAT(0,C1387) -> 05 | E1387: =VLOOKUP(B1387,'HOGARES-BASELINE'!$B:$I,8,FALSE) -> 01030395 | F1387: =_xlfn.CONCAT(E1387,D1387) -> 0103039505
A1388: 22440120-4 | B1388: 22440120 | C1388: 4 | D1388: =_xlfn.CONCAT(0,C1388) -> 04 | E1388: =VLOOKUP(B1388,'HOGARES-BASELINE'!$B:$I,8,FALSE) -> 01030395 | F1388: =_xlfn.CONCAT(E1388,D1388) -> 0103039504
A1389: 22440120-3 | B1389: 22440120 | C1389: 3 | D1389: =_xlfn.CONCAT(0,C1389) -> 03 | E1389: =VLOOKUP(B1389,'HOGARES-BASELINE'!$B:$I,8,FALSE) -> 01030395 | F1389: =_xlfn.CONCAT(E1389,D1389) -> 0103039503
A1390: 22440120-1 | B1390: 22440120 | C1390: 1 | D1390: =_xlfn.CONCAT(0,C1390) -> 01 | E1390: =VLOOKUP(B1390,'HOGARES-BASELINE'!$B:$I,8,FALSE) -> 01030395 | F1390: =_xlfn.CONCAT(E1390,D1390) -> 0103039501
... A2160: 32678914-9 | B2160: 32678914 | C2160: 9 | D2160: =_xlfn.CONCAT(0,C2160) -> 09 | E2160: =VLOOKUP(B2160,'HOGARES-BASELINE'!$B:$I,8,FALSE) -> 00030641 | F2160: =_xlfn.CONCAT(E2160,D2160) -> 0003064109
A2161: 32678914-10 | B2161: 32678914 | C2161: 10 | D2161: =C2161 -> 10 | E2161: =VLOOKUP(B2161,'HOGARES-BASELINE'!$B:$I,8,FALSE) -> 00030641 | F2161: =_xlfn.CONCAT(E2161,D2161) -> 0003064110
A2162: 32678914-6 | B2162: 32678914 | C2162: 6 | D2162: =_xlfn.CONCAT(0,C2162) -> 06 | E2162: =VLOOKUP(B2162,'HOGARES-BASELINE'!$B:$I,8,FALSE) -> 00030641 | F2162: =_xlfn.CONCAT(E2162,D2162) -> 0003064106
A2163: 32678914-2 | B2163: 32678914 | C2163: 2 | D2163: =_xlfn.CONCAT(0,C2163) -> 02 | E2163: =VLOOKUP(B2163,'HOGARES-BASELINE'!$B:$I,8,FALSE) -> 00030641 | F2163: =_xlfn.CONCAT(E2163,D2163) -> 0003064102
A2164: 32678914-3 | B2164: 32678914 | C2164: 3 | D2164: =_xlfn.CONCAT(0,C2164) -> 03 | E2164: =VLOOKUP(B2164,'HOGARES-BASELINE'!$B:$I,8,FALSE) -> 00030641 | F2164: =_xlfn.CONCAT(E2164,D2164) -> 0003064103
A2165: 32678914-7 | B2165: 32678914 | C2165: 7 | D2165: =_xlfn.CONCAT(0,C2165) -> 07 | E2165: =VLOOKUP(B2165,'HOGARES-BASELINE'!$B:$I,8,FALSE) -> 00030641 | F2165: =_xlfn.CONCAT(E2165,D2165) -> 0003064107
...

Sheet HOGARES-ENDLINE
A1: start_p10 | B1: house_id
A2: 670254 | B2: =VLOOKUP(A2,'HOGARES-BASELINE'!$B:$I,8,FALSE) -> 01011005
A3: 761321 | B3: =VLOOKUP(A3,'HOGARES-BASELINE'!$B:$I,8,FALSE) -> 01011096
A4: 832608 | B4: =VLOOKUP(A4,'HOGARES-BASELINE'!$B:$I,8,FALSE) -> 01031108
A5: 1381356 | B5: =VLOOKUP(A5,'HOGARES-BASELINE'!$B:$I,8,FALSE) -> 01020260
A6: 1522015 | B6: =VLOOKUP(A6,'HOGARES-BASELINE'!$B:$I,8,FALSE) -> 00020270
A7: 1586059 | B7: =VLOOKUP(A7,'HOGARES-BASELINE'!$B:$I,8,FALSE) -> 01020272
A8: 1747298 | B8: =VLOOKUP(A8,'HOGARES-BASELINE'!$B:$I,8,FALSE) -> 00030303
A9: 2272778 | B9: =VLOOKUP(A9,'HOGARES-BASELINE'!$B:$I,8,FALSE) -> 00020430
A10: 2680456 | B10: =VLOOKUP(A10,'HOGARES-BASELINE'!$B:$I,8,FALSE) -> 00020472
A11: 2699661 | B11: =VLOOKUP(A11,'HOGARES-BASELINE'!$B:$I,8,FALSE) -> 01020473
A12: 2775711 | B12: =VLOOKUP(A12,'HOGARES-BASELINE'!$B:$I,8,FALSE) -> 00010476
A13: 3430889 | B13: =VLOOKUP(A13,'HOGARES-BASELINE'!$B:$I,8,FALSE) -> 00010733
... A1095: 1214737888 | B1095: =VLOOKUP(A1095,'HOGARES-BASELINE'!$B:$I,8,FALSE) -> 00010251

Sheet INDIVIDUOS-ENDLINE
A1: mem_id | B1: cod | C1: Numero de persona | D1: codigo de persona | E1: house_id | F1: mem_id
A2: 670254-1 | B2: 670254 | C2: 1 | D2: =_xlfn.CONCAT(0,C2) -> 01 | E2: =VLOOKUP(B2,'HOGARES-ENDLINE'!$A:$B,2,FALSE) -> 01011005 | F2: =_xlfn.CONCAT(E2,D2) -> 0101100501
A3: 670254-2 | B3: 670254 | C3: 2 | D3: =_xlfn.CONCAT(0,C3) -> 02 | E3: =VLOOKUP(B3,'HOGARES-ENDLINE'!$A:$B,2,FALSE) -> 01011005 | F3: =_xlfn.CONCAT(E3,D3) -> 0101100502
A4: 670254-3 | B4: 670254 | C4: 3 | D4: =_xlfn.CONCAT(0,C4) -> 03 | E4: =VLOOKUP(B4,'HOGARES-ENDLINE'!$A:$B,2,FALSE) -> 01011005 | F4: =_xlfn.CONCAT(E4,D4) -> 0101100503
A5: 670254-4 | B5: 670254 | C5: 4 | D5: =_xlfn.CONCAT(0,C5) -> 04 | E5: =VLOOKUP(B5,'HOGARES-ENDLINE'!$A:$B,2,FALSE) -> 01011005 | F5: =_xlfn.CONCAT(E5,D5) -> 0101100504
A6: 761321-1 | B6: 761321 | C6: 1 | D6: =_xlfn.CONCAT(0,C6) -> 01 | E6: =VLOOKUP(B6,'HOGARES-ENDLINE'!$A:$B,2,FALSE) -> 01011096 | F6: =_xlfn.CONCAT(E6,D6) -> 0101109601
A7: 832608-3 | B7: 832608 | C7: 3 | D7: =_xlfn.CONCAT(0,C7) -> 03 | E7: =VLOOKUP(B7,'HOGARES-ENDLINE'!$A:$B,2,FALSE) -> 01031108 | F7: =_xlfn.CONCAT(E7,D7) -> 0103110803
A8: 832608-1 | B8: 832608 | C8: 1 | D8: =_xlfn.CONCAT(0,C8) -> 01 | E8: =VLOOKUP(B8,'HOGARES-ENDLINE'!$A:$B,2,FALSE) -> 01031108 | F8: =_xlfn.CONCAT(E8,D8) -> 0103110801
A9: 832608-4 | B9: 832608 | C9: 4 | D9: =_xlfn.CONCAT(0,C9) -> 04 | E9: =VLOOKUP(B9,'HOGARES-ENDLINE'!$A:$B,2,FALSE) -> 01031108 | F9: =_xlfn.CONCAT(E9,D9) -> 0103110804
A10: 832608-2 | B10: 832608 | C10: 2 | D10: =_xlfn.CONCAT(0,C10) -> 02 | E10: =VLOOKUP(B10,'HOGARES-ENDLINE'!$A:$B,2,FALSE) -> 01031108 | F10: =_xlfn.CONCAT(E10,D10) -> 0103110802
A11: 1381356-1 | B11: 1381356 | C11: 1 | D11: =_xlfn.CONCAT(0,C11) -> 01 | E11: =VLOOKUP(B11,'HOGARES-ENDLINE'!$A:$B,2,FALSE) -> 01020260 | F11: =_xlfn.CONCAT(E11,D11) -> 0102026001
A12: 1522015-1 | B12: 1522015 | C12: 1 | D12: =_xlfn.CONCAT(0,C12) -> 01 | E12: =VLOOKUP(B12,'HOGARES-ENDLINE'!$A:$B,2,FALSE) -> 00020270 | F12: =_xlfn.CONCAT(E12,D12) -> 0002027001
A13: 1586059-1 | B13: 1586059 | C13: 1 | D13: =_xlfn.CONCAT(0,C13) -> 01 | E13: =VLOOKUP(B13,'HOGARES-ENDLINE'!$A:$B,2,FALSE) -> 01020272 | F13: =_xlfn.CONCAT(E13,D13) -> 0102027201
... A46: 6307220-1 | B46: 6307220 | C46: 1 | D46: =_xlfn.CONCAT(0,C46) -> 01 | E46: =VLOOKUP(B46,'HOGARES-ENDLINE'!$A:$B,2,FALSE) -> 01020957 | F46: =_xlfn.CONCAT(E46,D46) -> 0102095701
A47: 7411480-11 | B47: 7411480 | C47: 11 | D47: =C47 -> 11 | E47: =VLOOKUP(B47,'HOGARES-ENDLINE'!$A:$B,2,FALSE) -> 00031081 | F47: =_xlfn.CONCAT(E47,D47) -> 0003108111
A48: 7411480-4 | B48: 7411480 | C48: 4 | D48: =_xlfn.CONCAT(0,C48) -> 04 | E48: =VLOOKUP(B48,'HOGARES-ENDLINE'!$A:$B,2,FALSE) -> 00031081 | F48: =_xlfn.CONCAT(E48,D48) -> 0003108104
A49: 7411480-3 | B49: 7411480 | C49: 3 | D49: =_xlfn.CONCAT(0,C49) -> 03 | E49: =VLOOKUP(B49,'HOGARES-ENDLINE'!$A:$B,2,FALSE) -> 00031081 | F49: =_xlfn.CONCAT(E49,D49) -> 0003108103
A50: 7411480-8 | B50: 7411480 | C50: 8 | D50: =_xlfn.CONCAT(0,C50) -> 08 | E50: =VLOOKUP(B50,'HOGARES-ENDLINE'!$A:$B,2,FALSE) -> 00031081 | F50: =_xlfn.CONCAT(E50,D50) -> 0003108108
A51: 7411480-13 | B51: 7411480 | C51: 13 | D51: =C51 -> 13 | E51: =VLOOKUP(B51,'HOGARES-ENDLINE'!$A:$B,2,FALSE) -> 00031081 | F51: =_xlfn.CONCAT(E51,D51) -> 0003108113
A52: 7411480-10 | B52: 7411480 | C52: 10 | D52: =C52 -> 10 | E52: =VLOOKUP(B52,'HOGARES-ENDLINE'!$A:$B,2,FALSE) -> 00031081 | F52: =_xlfn.CONCAT(E52,D52) -> 0003108110
A53: 7411480-6 | B53: 7411480 | C53: 6 | D53: =_xlfn.CONCAT(0,C53) -> 06 | E53: =VLOOKUP(B53,'HOGARES-ENDLINE'!$A:$B,2,FALSE) -> 00031081 | F53: =_xlfn.CONCAT(E53,D53) -> 0003108106
A54: 7411480-12 | B54: 7411480 | C54: 12 | D54: =C54 -> 12 | E54: =VLOOKUP(B54,'HOGARES-ENDLINE'!$A:$B,2,FALSE) -> 00031081 | F54: =_xlfn.CONCAT(E54,D54) -> 0003108112
A55: 7411480-9 | B55: 7411480 | C55: 9 | D55: =_xlfn.CONCAT(0,C55) -> 09 | E55: =VLOOKUP(B55,'HOGARES-ENDLINE'!$A:$B,2,FALSE) -> 00031081 | F55: =_xlfn.CONCAT(E55,D55) -> 0003108109
A56: 7411480-7 | B56: 7411480 | C56: 7 | D56: =_xlfn.CONCAT(0,C56) -> 07 | E56: =VLOOKUP(B56,'HOGARES-ENDLINE'!$A:$B,2,FALSE) -> 00031081 | F56: =_xlfn.CONCAT(E56,D56) -> 0003108107
A57: 7411480-2 | B57: 7411480 | C57: 2 | D57: =_xlfn.CONCAT(0,C57) -> 02 | E57: =VLOOKUP(B57,'HOGARES-ENDLINE'!$A:$B,2,FALSE) -> 00031081 | F57: =_xlfn.CONCAT(E57,D57) -> 0003108102
A58: 7411480-1 | B58: 7411480 | C58: 1 | D58: =_xlfn.CONCAT(0,C58) -> 01 | E58: =VLOOKUP(B58,'HOGARES-ENDLINE'!$A:$B,2,FALSE) -> 00031081 | F58: =_xlfn.CONCAT(E58,D58) -> 0003108101
A59: 7411480-5 | B59: 7411480 | C59: 5 | D59: =_xlfn.CONCAT(0,C59) -> 05 | E59: =VLOOKUP(B59,'HOGARES-ENDLINE'!$A:$B,2,FALSE) -> 00031081 | F59: =_xlfn.CONCAT(E59,D59) -> 0003108105
A60: 7420358-1 | B60: 7420358 | C60: 1 | D60: =_xlfn.CONCAT(0,C60) -> 01 | E60: =VLOOKUP(B60,'HOGARES-ENDLINE'!$A:$B,2,FALSE) -> 00031082 | F60: =_xlfn.CONCAT(E60,D60) -> 0003108201
A61: 7420358-2 | B61: 7420358 | C61: 2 | D61: =_xlfn.CONCAT(0,C61) -> 02 | E61: =VLOOKUP(B61,'HOGARES-ENDLINE'!$A:$B,2,FALSE) -> 00031082 | F61: =_xlfn.CONCAT(E61,D61) -> 0003108202
A62: 7435553-6 | B62: 7435553 | C62: 6 | D62: =_xlfn.CONCAT(0,C62) -> 06 | E62: =VLOOKUP(B62,'HOGARES-ENDLINE'!$A:$B,2,FALSE) -> 00031083 | F62: =_xlfn.CONCAT(E62,D62) -> 0003108306
A63: 7435553-5 | B63: 7435553 | C63: 5 | D63: =_xlfn.CONCAT(0,C63) -> 05 | E63: =VLOOKUP(B63,'HOGARES-ENDLINE'!$A:$B,2,FALSE) -> 00031083 | F63: =_xlfn.CONCAT(E63,D63) -> 0003108305
A64: 7435553-3 | B64: 7435553 | C64: 3 | D64: =_xlfn.CONCAT(0,C64) -> 03 | E64: =VLOOKUP(B64,'HOGARES-ENDLINE'!$A:$B,2,FALSE) -> 00031083 | F64: =_xlfn.CONCAT(E64,D64) -> 0003108303
A65: 7435553-1 | B65: 7435553 | C65: 1 | D65: =_xlfn.CONCAT(0,C65) -> 01 | E65: =VLOOKUP(B65,'HOGARES-ENDLINE'!$A:$B,2,FALSE) -> 00031083 | F65: =_xlfn.CONCAT(E65,D65) -> 0003108301
A66: 7435553-2 | B66: 7435553 | C66: 2 | D66: =_xlfn.CONCAT(0,C66) -> 02 | E66: =VLOOKUP(B66,'HOGARES-ENDLINE'!$A:$B,2,FALSE) -> 00031083 | F66: =_xlfn.CONCAT(E66,D66) -> 0003108302
... A1172: 32678914-3 | B1172: 32678914 | C1172: 3 | D1172: =_xlfn.CONCAT(0,C1172) -> 03 | E1172: =VLOOKUP(B1172,'HOGARES-ENDLINE'!$A:$B,2,FALSE) -> 00030641 | F1172: =_xlfn.CONCAT(E1172,D1172) -> 0003064103
A1173: 32678914-10 | B1173: 32678914 | C1173: 10 | D1173: =C1173 -> 10 | E1173: =VLOOKUP(B1173,'HOGARES-ENDLINE'!$A:$B,2,FALSE) -> 00030641 | F1173: =_xlfn.CONCAT(E1173,D1173) -> 0003064110
A1174: 32678914-7 | B1174: 32678914 | C1174: 7 | D1174: =_xlfn.CONCAT(0,C1174) -> 07 | E1174: =VLOOKUP(B1174,'HOGARES-ENDLINE'!$A:$B,2,FALSE) -> 00030641 | F1174: =_xlfn.CONCAT(E1174,D1174) -> 0003064107
A1175: 32678914-8 | B1175: 32678914 | C1175: 8 | D1175: =_xlfn.CONCAT(0,C1175) -> 08 | E1175: =VLOOKUP(B1175,'HOGARES-ENDLINE'!$A:$B,2,FALSE) -> 00030641 | F1175: =_xlfn.CONCAT(E1175,D1175) -> 0003064108
A1176: 32678914-6 | B1176: 32678914 | C1176: 6 | D1176: =_xlfn.CONCAT(0,C1176) -> 06 | E1176: =VLOOKUP(B1176,'HOGARES-ENDLINE'!$A:$B,2,FALSE) -> 00030641 | F1176: =_xlfn.CONCAT(E1176,D1176) -> 0003064106
A1177: 32678914-4 | B1177: 32678914 | C1177: 4 | D1177: =_xlfn.CONCAT(0,C1177) -> 04 | E1177: =VLOOKUP(B1177,'HOGARES-ENDLINE'!$A:$B,2,FALSE) -> 00030641 | F1177: =_xlfn.CONCAT(E1177,D1177) -> 0003064104
A1178: 32678914-5 | B1178: 32678914 | C1178: 5 | D1178: =_xlfn.CONCAT(0,C1178) -> 05 | E1178: =VLOOKUP(B1178,'HOGARES-ENDLINE'!$A:$B,2,FALSE) -> 00030641 | F1178: =_xlfn.CONCAT(E1178,D1178) -> 0003064105
A1179: 32678914-1 | B1179: 32678914 | C1179: 1 | D1179: =_xlfn.CONCAT(0,C1179) -> 01 | E1179: =VLOOKUP(B1179,'HOGARES-ENDLINE'!$A:$B,2,FALSE) -> 00030641 | F1179: =_xlfn.CONCAT(E1179,D1179) -> 0003064101
A1180: 32678914-2 | B1180: 32678914 | C1180: 2 | D1180: =_xlfn.CONCAT(0,C1180) -> 02 | E1180: =VLOOKUP(B1180,'HOGARES-ENDLINE'!$A:$B,2,FALSE) -> 00030641 | F1180: =_xlfn.CONCAT(E1180,D1180) -> 0003064102
A1181: 32681585-1 | B1181: 32681585 | C1181: 1 | D1181: =_xlfn.CONCAT(0,C1181) -> 01 | E1181: =VLOOKUP(B1181,'HOGARES-ENDLINE'!$A:$B,2,FALSE) -> 00030642 | F1181: =_xlfn.CONCAT(E1181,D1181) -> 0003064201
A1182: 32681585-3 | B1182: 32681585 | C1182: 3 | D1182: =_xlfn.CONCAT(0,C1182) -> 03 | E1182: =VLOOKUP(B1182,'HOGARES-ENDLINE'!$A:$B,2,FALSE) -> 00030642 | F1182: =_xlfn.CONCAT(E1182,D1182) -> 0003064203
A1183: 32681585-2 | B1183: 32681585 | C1183: 2 | D1183: =_xlfn.CONCAT(0,C1183) -> 02 | E1183: =VLOOKUP(B1183,'HOGARES-ENDLINE'!$A:$B,2,FALSE) -> 00030642 | F1183: =_xlfn.CONCAT(E1183,D1183) -> 0003064202
A1184: 32682939-1 | B1184: 32682939 | C1184: 1 | D1184: =_xlfn.CONCAT(0,C1184) -> 01 | E1184: =VLOOKUP(B1184,'HOGARES-ENDLINE'!$A:$B,2,FALSE) -> 01030643 | F1184: =_xlfn.CONCAT(E1184,D1184) -> 0103064301
A1185: 32682939-5 | B1185: 32682939 | C1185: 5 | D1185: =_xlfn.CONCAT(0,C1185) -> 05 | E1185: =VLOOKUP(B1185,'HOGARES-ENDLINE'!$A:$B,2,FALSE) -> 01030643 | F1185: =_xlfn.CONCAT(E1185,D1185) -> 0103064305
... A1354: 32783129-1 | B1354: 32783129 | C1354: 1 | D1354: =_xlfn.CONCAT(0,C1354) -> 01 | E1354: =VLOOKUP(B1354,'HOGARES-ENDLINE'!$A:$B,2,FALSE) -> 01030693 | F1354: =_xlfn.CONCAT(E1354,D1354) -> 0103069301
A1355: 32783639-11 | B1355: 32783639 | C1355: 11 | D1355: =C1355 -> 11 | E1355: =VLOOKUP(B1355,'HOGARES-ENDLINE'!$A:$B,2,FALSE) -> 00030694 | F1355: =_xlfn.CONCAT(E1355,D1355) -> 0003069411
A1356: 32783639-9 | B1356: 32783639 | C1356: 9 | D1356: =_xlfn.CONCAT(0,C1356) -> 09 | E1356: =VLOOKUP(B1356,'HOGARES-ENDLINE'!$A:$B,2,FALSE) -> 00030694 | F1356: =_xlfn.CONCAT(E1356,D1356) -> 0003069409
A1357: 32783639-12 | B1357: 32783639 | C1357: 12 | D1357: =C1357 -> 12 | E1357: =VLOOKUP(B1357,'HOGARES-ENDLINE'!$A:$B,2,FALSE) -> 00030694 | F1357: =_xlfn.CONCAT(E1357,D1357) -> 0003069412
A1358: 32783639-1 | B1358: 32783639 | C1358: 1 | D1358: =_xlfn.CONCAT(0,C1358) -> 01 | E1358: =VLOOKUP(B1358,'HOGARES-ENDLINE'!$A:$B,2,FALSE) -> 00030694 | F1358: =_xlfn.CONCAT(E1358,D1358) -> 0003069401
A1359: 32783639-3 | B1359: 32783639 | C1359: 3 | D1359: =_xlfn.CONCAT(0,C1359) -> 03 | E1359: =VLOOKUP(B1359,'HOGARES-ENDLINE'!$A:$B,2,FALSE) -> 00030694 | F1359: =_xlfn.CONCAT(E1359,D1359) -> 0003069403
A1360: 32783639-2 | B1360: 32783639 | C1360: 2 | D1360: =_xlfn.CONCAT(0,C1360) -> 02 | E1360: =VLOOKUP(B1360,'HOGARES-ENDLINE'!$A:$B,2,FALSE) -> 00030694 | F1360: =_xlfn.CONCAT(E1360,D1360) -> 0003069402
A1361: 32783639-4 | B1361: 32783639 | C1361: 4 | D1361: =_xlfn.CONCAT(0,C1361) -> 04 | E1361: =VLOOKUP(B1361,'HOGARES-ENDLINE'!$A:$B,2,FALSE) -> 00030694 | F1361: =_xlfn.CONCAT(E1361,D1361) -> 0003069404
A1362: 32783639-10 | B1362: 32783639 | C1362: 10 | D1362: =C1362 -> 10 | E1362: =VLOOKUP(B1362,'HOGARES-ENDLINE'!$A:$B,2,FALSE) -> 00030694 | F1362: =_xlfn.CONCAT(E1362,D1362) -> 0003069410
A1363: 32783639-8 | B1363: 32783639 | C1363: 8 | D1363: =_xlfn.CONCAT(0,C1363) -> 08 | E1363: =VLOOKUP(B1363,'HOGARES-ENDLINE'!$A:$B,2,FALSE) -> 00030694 | F1363: =_xlfn.CONCAT(E1363,D1363) -> 0003069408
A1364: 32783639-6 | B1364: 32783639 | C1364: 6 | D1364: =_xlfn.CONCAT(0,C1364) -> 06 | E1364: =VLOOKUP(B1364,'HOGARES-ENDLINE'!$A:$B,2,FALSE) -> 00030694 | F1364: =_xlfn.CONCAT(E1364,D1364) -> 0003069406
A1365: 32783639-5 | B1365: 32783639 | C1365: 5 | D1365: =_xlfn.CONCAT(0,C1365) -> 05 | E1365: =VLOOKUP(B1365,'HOGARES-ENDLINE'!$A:$B,2,FALSE) -> 00030694 | F1365: =_xlfn.CONCAT(E1365,D1365) -> 0003069405
A1366: 32783639-13 | B1366: 32783639 | C1366: 13 | D1366: =C1366 -> 13 | E1366: =VLOOKUP(B1366,'HOGARES-ENDLINE'!$A:$B,2,FALSE) -> 00030694 | F1366: =_xlfn.CONCAT(E1366,D1366) -> 0003069413
A1367: 32783639-7 | B1367: 32783639 | C1367: 7 | D1367: =_xlfn.CONCAT(0,C1367) -> 07 | E1367: =VLOOKUP(B1367,'HOGARES-ENDLINE'!$A:$B,2,FALSE) -> 00030694 | F1367: =_xlfn.CONCAT(E1367,D1367) -> 0003069407
A1368: 32783797-2 | B1368: 32783797 | C1368: 2 | D1368: =_xlfn.CONCAT(0,C1368) -> 02 | E1368: =VLOOKUP(B1368,'HOGARES-ENDLINE'!$A:$B,2,FALSE) -> 01030695 | F1368: =_xlfn.CONCAT(E1368,D1368) -> 0103069502
A1369: 32783797-1 | B1369: 32783797 | C1369: 1 | D1369: =_xlfn.CONCAT(0,C1369) -> 01 | E1369: =VLOOKUP(B1369,'HOGARES-ENDLINE'!$A:$B,2,FALSE) -> 01030695 | F1369: =_xlfn.CONCAT(E1369,D1369) -> 0103069501
A1370: 32783861-3 | B1370: 32783861 | C1370: 3 | D1370: =_xlfn.CONCAT(0,C1370) -> 03 | E1370: =VLOOKUP(B1370,'HOGARES-ENDLINE'!$A:$B,2,FALSE) -> 00030696 | F1370: =_xlfn.CONCAT(E1370,D1370) -> 0003069603
A1371: 32783861-6 | B1371: 32783861 | C1371: 6 | D1371: =_xlfn.CONCAT(0,C1371) -> 06 | E1371: =VLOOKUP(B1371,'HOGARES-ENDLINE'!$A:$B,2,FALSE) -> 00030696 | F1371: =_xlfn.CONCAT(E1371,D1371) -> 0003069606
A1372: 32783861-4 | B1372: 32783861 | C1372: 4 | D1372: =_xlfn.CONCAT(0,C1372) -> 04 | E1372: =VLOOKUP(B1372,'HOGARES-ENDLINE'!$A:$B,2,FALSE) -> 00030696 | F1372: =_xlfn.CONCAT(E1372,D1372) -> 0003069604
A1373: 32783861-2 | B1373: 32783861 | C1373: 2 | D1373: =_xlfn.CONCAT(0,C1373) -> 02 | E1373: =VLOOKUP(B1373,'HOGARES-ENDLINE'!$A:$B,2,FALSE) -> 00030696 | F1373: =_xlfn.CONCAT(E1373,D1373) -> 0003069602
A1374: 32783861-1 | B1374: 32783861 | C1374: 1 | D1374: =_xlfn.CONCAT(0,C1374) -> 01 | E1374: =VLOOKUP(B1374,'HOGARES-ENDLINE'!$A:$B,2,FALSE) -> 00030696 | F1374: =_xlfn.CONCAT(E1374,D1374) -> 0003069601
A1375: 32783861-7 | B1375: 32783861 | C1375: 7 | D1375: =_xlfn.CONCAT(0,C1375) -> 07 | E1375: =VLOOKUP(B1375,'HOGARES-ENDLINE'!$A:$B,2,FALSE) -> 00030696 | F1375: =_xlfn.CONCAT(E1375,D1375) -> 0003069607
A1376: 32785097-2 | B1376: 32785097 | C1376: 2 | D1376: =_xlfn.CONCAT(0,C1376) -> 02 | E1376: =VLOOKUP(B1376,'HOGARES-ENDLINE'!$A:$B,2,FALSE) -> 01030697 | F1376: =_xlfn.CONCAT(E1376,D1376) -> 0103069702
A1377: 32785097-3 | B1377: 32785097 | C1377: 3 | D1377: =_xlfn.CONCAT(0,C1377) -> 03 | E1377: =VLOOKUP(B1377,'HOGARES-ENDLINE'!$A:$B,2,FALSE) -> 01030697 | F1377: =_xlfn.CONCAT(E1377,D1377) -> 0103069703
A1378: 32785097-4 | B1378: 32785097 | C1378: 4 | D1378: =_xlfn.CONCAT(0,C1378) -> 04 | E1378: =VLOOKUP(B1378,'HOGARES-ENDLINE'!$A:$B,2,FALSE) -> 01030697 | F1378: =_xlfn.CONCAT(E1378,D1378) -> 0103069704
... A1433: 32821469-7 | B1433: 32821469 | C1433: 7 | D1433: =_xlfn.CONCAT(0,C1433) -> 07 | E1433: =VLOOKUP(B1433,'HOGARES-ENDLINE'!$A:$B,2,FALSE) -> 00030713 | F1433: =_xlfn.CONCAT(E1433,D1433) -> 0003071307
A1434: 32821469-14 | B1434: 32821469 | C1434: 14 | D1434: =C1434 -> 14 | E1434: =VLOOKUP(B1434,'HOGARES-ENDLINE'!$A:$B,2,FALSE) -> 00030713 | F1434: =_xlfn.CONCAT(E1434,D1434) -> 0003071314
A1435: 32821469-12 | B1435: 32821469 | C1435: 12 | D1435: =C1435 -> 12 | E1435: =VLOOKUP(B1435,'HOGARES-ENDLINE'!$A:$B,2,FALSE) -> 00030713 | F1435: =_xlfn.CONCAT(E1435,D1435) -> 0003071312
A1436: 32821469-6 | B1436: 32821469 | C1436: 6 | D1436: =_xlfn.CONCAT(0,C1436) -> 06 | E1436: =VLOOKUP(B1436,'HOGARES-ENDLINE'!$A:$B,2,FALSE) -> 00030713 | F1436: =_xlfn.CONCAT(E1436,D1436) -> 0003071306
A1437: 32821469-10 | B1437: 32821469 | C1437: 10 | D1437: =C1437 -> 10 | E1437: =VLOOKUP(B1437,'HOGARES-ENDLINE'!$A:$B,2,FALSE) -> 00030713 | F1437: =_xlfn.CONCAT(E1437,D1437) -> 0003071310
A1438: 32821469-11 | B1438: 32821469 | C1438: 11 | D1438: =C1438 -> 11 | E1438: =VLOOKUP(B1438,'HOGARES-ENDLINE'!$A:$B,2,FALSE) -> 00030713 | F1438: =_xlfn.CONCAT(E1438,D1438) -> 0003071311
A1439: 32821469-8 | B1439: 32821469 | C1439: 8 | D1439: =_xlfn.CONCAT(0,C1439) -> 08 | E1439: =VLOOKUP(B1439,'HOGARES-ENDLINE'!$A:$B,2,FALSE) -> 00030713 | F1439: =_xlfn.CONCAT(E1439,D1439) -> 0003071308
A1440: 32821469-13 | B1440: 32821469 | C1440: 13 | D1440: =C1440 -> 13 | E1440: =VLOOKUP(B1440,'HOGARES-ENDLINE'!$A:$B,2,FALSE) -> 00030713 | F1440: =_xlfn.CONCAT(E1440,D1440) -> 0003071313
A1441: 32821469-9 | B1441: 32821469 | C1441: 9 | D1441: =_xlfn.CONCAT(0,C1441) -> 09 | E1441: =VLOOKUP(B1441,'HOGARES-ENDLINE'!$A:$B,2,FALSE) -> 00030713 | F1441: =_xlfn.CONCAT(E1441,D1441) -> 0003071309
A1442: 32821469-3 | B1442: 32821469 | C1442: 3 | D1442: =_xlfn.CONCAT(0,C1442) -> 03 | E1442: =VLOOKUP(B1442,'HOGARES-ENDLINE'!$A:$B,2,FALSE) -> 00030713 | F1442: =_xlfn.CONCAT(E1442,D1442) -> 0003071303
A1443: 32821469-2 | B1443: 32821469 | C1443: 2 | D1443: =_xlfn.CONCAT(0,C1443) -> 02 | E1443: =VLOOKUP(B1443,'HOGARES-ENDLINE'!$A:$B,2,FALSE) -> 00030713 | F1443: =_xlfn.CONCAT(E1443,D1443) -> 0003071302
A1444: 32840396-2 | B1444: 32840396 | C1444: 2 | D1444: =_xlfn.CONCAT(0,C1444) -> 02 | E1444: =VLOOKUP(B1444,'HOGARES-ENDLINE'!$A:$B,2,FALSE) -> 01030714 | F1444: =_xlfn.CONCAT(E1444,D1444) -> 0103071402
A1445: 32840396-1 | B1445: 32840396 | C1445: 1 | D1445: =_xlfn.CONCAT(0,C1445) -> 01 | E1445: =VLOOKUP(B1445,'HOGARES-ENDLINE'!$A:$B,2,FALSE) -> 01030714 | F1445: =_xlfn.CONCAT(E1445,D1445) -> 0103071401
A1446: 32842694-1 | B1446: 32842694 | C1446: 1 | D1446: =_xlfn.CONCAT(0,C1446) -> 01 | E1446: =VLOOKUP(B1446,'HOGARES-ENDLINE'!$A:$B,2,FALSE) -> 00030715 | F1446: =_xlfn.CONCAT(E1446,D1446) -> 0003071501
A1447: 32843461-1 | B1447: 32843461 | C1447: 1 | D1447: =_xlfn.CONCAT(0,C1447) -> 01 | E1447: =VLOOKUP(B1447,'HOGARES-ENDLINE'!$A:$B,2,FALSE) -> 00030716 | F1447: =_xlfn.CONCAT(E1447,D1447) -> 0003071601
A1448: 32843467-1 | B1448: 32843467 | C1448: 1 | D1448: =_xlfn.CONCAT(0,C1448) -> 01 | E1448: =VLOOKUP(B1448,'HOGARES-ENDLINE'!$A:$B,2,FALSE) -> 00030717 | F1448: =_xlfn.CONCAT(E1448,D1448) -> 0003071701
A1449: 32843467-2 | B1449: 32843467 | C1449: 2 | D1449: =_xlfn.CONCAT(0,C1449) -> 02 | E1449: =VLOOKUP(B1449,'HOGARES-ENDLINE'!$A:$B,2,FALSE) -> 00030717 | F1449: =_xlfn.CONCAT(E1449,D1449) -> 0003071702
A1450: 32843980-1 | B1450: 32843980 | C1450: 1 | D1450: =_xlfn.CONCAT(0,C1450) -> 01 | E1450: =VLOOKUP(B1450,'HOGARES-ENDLINE'!$A:$B,2,FALSE) -> 01030718 | F1450: =_xlfn.CONCAT(E1450,D1450) -> 0103071801
A1451: 32844160-1 | B1451: 32844160 | C1451: 1 | D1451: =_xlfn.CONCAT(0,C1451) -> 01 | E1451: =VLOOKUP(B1451,'HOGARES-ENDLINE'!$A:$B,2,FALSE) -> 00030719 | F1451: =_xlfn.CONCAT(E1451,D1451) -> 0003071901
A1452: 32844160-4 | B1452: 32844160 | C1452: 4 | D1452: =_xlfn.CONCAT(0,C1452) -> 04 | E1452: =VLOOKUP(B1452,'HOGARES-ENDLINE'!$A:$B,2,FALSE) -> 00030719 | F1452: =_xlfn.CONCAT(E1452,D1452) -> 0003071904
... A1849: 43570005-7 | B1849: 43570005 | C1849: 7 | D1849: =_xlfn.CONCAT(0,C1849) -> 07 | E1849: =VLOOKUP(B1849,'HOGARES-ENDLINE'!$A:$B,2,FALSE) -> 01010880 | F1849: =_xlfn.CONCAT(E1849,D1849) -> 0101088007
A1850: 43570005-11 | B1850: 43570005 | C1850: 11 | D1850: =C1850 -> 11 | E1850: =VLOOKUP(B1850,'HOGARES-ENDLINE'!$A:$B,2,FALSE) -> 01010880 | F1850: =_xlfn.CONCAT(E1850,D1850) -> 0101088011
A1851: 43570005-10 | B1851: 43570005 | C1851: 10 | D1851: =C1851 -> 10 | E1851: =VLOOKUP(B1851,'HOGARES-ENDLINE'!$A:$B,2,FALSE) -> 01010880 | F1851: =_xlfn.CONCAT(E1851,D1851) -> 0101088010
A1852: 43570005-5 | B1852: 43570005 | C1852: 5 | D1852: =_xlfn.CONCAT(0,C1852) -> 05 | E1852: =VLOOKUP(B1852,'HOGARES-ENDLINE'!$A:$B,2,FALSE) -> 01010880 | F1852: =_xlfn.CONCAT(E1852,D1852) -> 0101088005
A1853: 43570005-4 | B1853: 43570005 | C1853: 4 | D1853: =_xlfn.CONCAT(0,C1853) -> 04 | E1853: =VLOOKUP(B1853,'HOGARES-ENDLINE'!$A:$B,2,FALSE) -> 01010880 | F1853: =_xlfn.CONCAT(E1853,D1853) -> 0101088004
A1854: 43570005-9 | B1854: 43570005 | C1854: 9 | D1854: =_xlfn.CONCAT(0,C1854) -> 09 | E1854: =VLOOKUP(B1854,'HOGARES-ENDLINE'!$A:$B,2,FALSE) -> 01010880 | F1854: =_xlfn.CONCAT(E1854,D1854) -> 0101088009
A1855: 43570005-1 | B1855: 43570005 | C1855: 1 | D1855: =_xlfn.CONCAT(0,C1855) -> 01 | E1855: =VLOOKUP(B1855,'HOGARES-ENDLINE'!$A:$B,2,FALSE) -> 01010880 | F1855: =_xlfn.CONCAT(E1855,D1855) -> 0101088001
...
